<?xml version="1.0" encoding="UTF-8"?>
<Configuration status="warn" name="MyApp">
    <Appenders>
        <Console name="STDOUT" target="SYSTEM_OUT">
            <PatternLayout disableAnsi="false" pattern="%d{${LOG_DATEFORMAT_PATTERN:-yyyy-MM-dd HH:mm:ss.SSS}} %highlight{${LOG_LEVEL_PATTERN:-%5p}}{FATAL=red blink, ERROR=red, WARN=yellow bold, INFO=green, DEBUG=green bold, TRACE=blue} %style{}{magenta} [%M] %style{%40C}{cyan} : %m%n${LOG_EXCEPTION_CONVERSION_WORD:-%xEx}" />        </Console>
    </Appenders>
    <Loggers>
        <Root level="info">
            <AppenderRef ref="STDOUT"/>
        </Root>
    </Loggers>
</Configuration>