<?xml version="1.0" encoding="UTF-8"?>
<Configuration>

    <Appenders>
        <Console name="json" target="SYSTEM_OUT">
            <JSONLayout compact="true" eventEol="true" properties="true" stacktraceAsString="true"
                        includeTimeMillis="true">
                <KeyValuePair key="@timestamp" value="$${date:yyyy-MM-dd HH:mm:ss.SSS}"/>
                <!--  Project properties -->
                <KeyValuePair key="appName" value="portal-inthub-api"/>
            </JSONLayout>
        </Console>
    </Appenders>

    <Loggers>
        <Root level="info">
            <AppenderRef ref="json"/>
        </Root>
    </Loggers>

</Configuration>
