<!--<configuration>-->
<!--    <springProfile name="local">-->
<!--        <appender name="CONSOLE" class="ch.qos.logback.core.ConsoleAppender">-->
<!--            <encoder>-->
<!--                <pattern>%blue(%d{HH:mm:ss.SSS}) [%thread] %-5relative %highlight(%-5level) %cyan(%logger{35})-->
<!--                    %X{CorrelationId} - %msg%n-->
<!--                </pattern>-->
<!--                <charset>utf8</charset>-->
<!--            </encoder>-->
<!--        </appender>-->
<!--        <root level="INFO">-->
<!--            <appender-ref ref="CONSOLE"/>-->
<!--        </root>-->
<!--    </springProfile>-->

<!--    <springProfile name="dev,hom,prod">-->
<!--        <appender name="CONSOLE" class="ch.qos.logback.core.ConsoleAppender">-->
<!--            <encoder>-->
<!--                <pattern>-->
<!--                    {"time":"%d{yyyy-MM-dd-->
<!--                    HH:mm:ss.SSS}","correlationId":"%X{correlationId:-}","level":"%level","appName":"portal-inthub-api", "thread":-->
<!--                    "%thread", "class": "%logger{40}", "message": "%message%throwable"}%n-->
<!--                </pattern>-->
<!--                <charset>utf8</charset>-->
<!--            </encoder>-->
<!--        </appender>-->
<!--        <root level="INFO">-->
<!--            <appender-ref ref="CONSOLE"/>-->
<!--        </root>-->
<!--    </springProfile>-->
<!--</configuration>-->
